segment,n_skus,revenue,units,avg_cv,revenue_share,sku_share,policy
AX,16,2011665.58,297441,0.3115144220121414,0.3933723595687391,0.13333333333333333,Automate replenishment; low safety stock; tight cycle counting
AY,8,1995158.73,175740,0.7067729503932395,0.3901445176261697,0.06666666666666667,Weekly review; seasonal buffer; forecast with seasonality model
BX,18,424979.95,85387,0.4089697456430734,0.08310296073212366,0.15,Periodic auto-replenishment; standard buffer
BY,14,337161.43,65839,0.6380438979125796,0.06593043525389058,0.11666666666666667,Monthly review; moderate buffer
CY,20,137955.56,36605,0.683928710548017,0.02697660321494727,0.16666666666666666,Low priority; simple reorder point
CZ,36,77947.23,11475,2.3981351178929633,0.015242238119393188,0.3,Make-to-order or delist; do not hold stock
CX,5,44744.93,15485,0.45171013561542556,0.008749674333463547,0.041666666666666664,Bulk order infrequently; minimise handling cost
AZ,1,43954.57,4329,1.0044003576949407,0.00859512291040408,0.008333333333333333,Manual planner review; high buffer or make-to-order; hedge supply
BZ,2,40328.64,2961,1.378194852373932,0.007886088240868661,0.016666666666666666,Reduce commitment; consider vendor-managed inventory
