product_id,d_bar,sigma_d,n_days,total_units,annual_demand,abc,xyz,segment,unit_price,unit_cost,ss_flat,rop_flat,target_sl,z,ss_opt,rop_opt,ss_uniform,rop_uniform,eoq,order_qty
SKU-0001,0.7956204379562044,3.805333793086443,1096,872,290.4014598540146,C,Z,CZ,7.42,5.194,16.708029197080293,22.277372262773724,0.85,1.0364333894937898,10.564302266091623,16.133645331785054,23.712321859343515,29.281664925036946,105.74587199386717,106.0
SKU-0002,2.7947080291970803,3.8701302358614624,1096,3063,1020.0684306569343,B,Y,BY,5.07,3.549,58.68886861313869,78.25182481751824,0.95,1.6448536269514722,19.18825415983585,38.75121036421541,27.138314035894705,46.70127024027427,239.7599568161311,240.0
SKU-0003,1.4425182481751824,2.469980246835594,1096,1581,526.5191605839416,B,Y,BY,8.01,5.606999999999999,30.29288321167883,40.3905109489051,0.95,1.6448536269514722,11.749949745588793,21.84757748281507,16.618178154489154,26.71580589171543,137.0429850829302,137.0
SKU-0004,0.3385036496350365,1.574747974613178,1096,371,123.55383211678831,C,Z,CZ,6.88,4.816,7.108576642335766,9.478102189781021,0.85,1.0364333894937898,4.3748241531780225,6.744349700623278,9.819601501857246,12.1891270493025,71.63081107003472,72.0
SKU-0005,4.140510948905109,4.187430780603518,1096,4538,1511.2864963503648,B,X,BX,2.66,1.8619999999999999,86.95072992700729,115.93430656934305,0.95,1.6448536269514722,22.751207211148984,51.73478385348474,32.17746652971972,61.161043172055486,402.9011995786946,403.0
SKU-0006,0.6040145985401459,1.9388228636444182,1096,662,220.46532846715326,C,Z,CZ,8.83,6.181,12.684306569343065,16.912408759124087,0.85,1.0364333894937898,5.461971828887209,9.69007401866823,12.25978116973706,16.487883359518083,84.46091381445922,84.0
SKU-0007,0.38047445255474455,1.3229074639788068,1096,417,138.87317518248176,C,Z,CZ,7.33,5.130999999999999,7.989963503649635,10.653284671532848,0.85,1.0364333894937898,3.712346465257483,6.375667633140695,8.332623586521883,10.995944754405095,73.57379758178458,74.0
SKU-0008,4.687956204379562,5.318296240887936,1096,5138,1711.10401459854,B,X,BX,7.5,5.25,98.4470802919708,131.26277372262774,0.95,1.6448536269514722,27.8120214422431,60.627714872900036,39.33507267443279,72.15076610508973,255.31336596788103,255.0
SKU-0009,0.4041970802919708,1.887217442258813,1096,443,147.53193430656935,C,Z,CZ,2.9,2.03,8.488138686131387,11.317518248175183,0.85,1.0364333894937898,5.242409671407595,8.07178923345139,11.766958414844929,14.596337976888725,120.56187598712093,121.0
SKU-0010,0.958029197080292,1.8372277465665647,1096,1050,349.68065693430657,C,Y,CY,5.15,3.605,20.118613138686133,26.824817518248175,0.9,1.2815515655446004,6.695922398609875,13.402126778171919,12.154832669670226,18.86103704923227,139.28301782062624,139.0
SKU-0011,1.3558394160583942,2.2805956579392075,1096,1486,494.8813868613139,C,Y,CY,4.6,3.2199999999999998,28.47262773722628,37.96350364963504,0.9,1.2815515655446004,8.477734148981,17.96861006138976,15.389282292191165,24.880158204599923,175.3224866901335,175.0
SKU-0012,0.08941605839416059,0.6765729018941776,1096,98,32.636861313868614,C,Z,CZ,8.49,5.943,1.8777372262773724,2.5036496350364965,0.85,1.0364333894937898,1.8644964736744356,2.4904088824335595,4.184993895080565,4.810906303839689,33.14105471239149,33.0
SKU-0013,6.517335766423358,12.053748374745442,1096,7143,2378.8275547445255,A,Y,AY,6.51,4.5569999999999995,136.8640510948905,182.48540145985402,0.97,1.8807936081512509,64.79743732109374,110.41878768605724,80.1477524710402,125.76910283600371,323.1148839176369,323.0
SKU-0014,0.8832116788321168,1.8199932497467555,1096,968,322.37226277372264,C,Y,CY,7.76,5.4319999999999995,18.547445255474454,24.72992700729927,0.9,1.2815515655446004,6.573107773669239,12.755589525494056,11.931892329762514,18.114374081587332,108.9466676442427,109.0
SKU-0015,0.30383211678832117,1.6312652749814374,1096,333,110.89872262773723,C,Z,CZ,5.1,3.5699999999999994,6.380474452554744,8.507299270072993,0.85,1.0364333894937898,4.517285220353308,6.644110037871556,10.139365419265081,12.266190236783329,78.8214031376651,79.0
SKU-0016,2.3686131386861313,3.247349504665735,1096,2596,864.5437956204379,C,X,CX,3.59,2.513,49.74087591240876,66.32116788321167,0.92,1.4050715603096329,13.7853392050596,30.365631175862518,22.8241005358867,39.40439250668962,262.30843283654036,262.0
SKU-0017,0.8403284671532847,1.8204965657457524,1096,921,306.7198905109489,C,Y,CY,5.88,4.116,17.646897810218977,23.529197080291972,0.9,1.2815515655446004,6.537679521693117,12.419978791766109,11.867580880358908,17.7498801504319,122.08105818387989,122.0
SKU-0018,0.06204379562043796,0.5144319222661071,1096,68,22.645985401459853,C,Z,CZ,2.45,1.715,1.302919708029197,1.7372262773722627,0.85,1.0364333894937898,1.416497403292362,1.8508039726354277,3.179428370541996,3.613734939885062,51.38999165355792,51.0
SKU-0019,17.40602189781022,30.560013869792247,1096,19077,6353.1979927007305,A,Y,AY,7.79,5.452999999999999,365.5264598540146,487.36861313868616,0.97,1.8807936081512509,165.56624666123352,287.40839994590505,204.78838521356118,326.63053849823274,482.71794501529024,483.0
SKU-0020,0.19616788321167883,1.111510513267668,1096,215,71.60127737226277,C,Z,CZ,6.42,4.494,4.119525547445256,5.492700729927007,0.85,1.0364333894937898,3.0749280401002927,4.448103222582045,6.901892954654513,8.275068137136264,56.449337444473315,56.0
SKU-0021,20.18978102189781,16.80510157232363,1096,22128,7369.270072992701,A,X,AX,7.31,5.116999999999999,423.985401459854,565.3138686131388,0.98,2.0537489106318225,123.35133116229807,264.67979831558273,139.7240458772728,281.0525130305575,536.6850848684124,537.0
SKU-0022,59.69251824817518,28.049977879505764,1096,65423,21787.769160583943,A,X,AX,4.48,3.136,1253.5428832116788,1671.390510948905,0.98,2.0537489106318225,288.69892396020913,706.5465516974355,327.0186167919101,744.8662445291363,1178.7816143904672,1179.0
SKU-0023,0.32299270072992703,2.010851970542649,1096,354,117.89233576642337,C,Z,CZ,8.79,6.152999999999999,6.782846715328468,9.043795620437956,0.85,1.0364333894937898,5.5545458784168655,7.815494783526354,12.467570155983301,14.72851906109279,61.90337483718874,62.0
SKU-0024,3.8175182481751824,7.07116491082012,1096,4184,1393.3941605839416,B,Y,BY,8.25,5.7749999999999995,80.16788321167883,106.8905109489051,0.95,1.6448536269514722,33.236765437413645,59.95939317463992,47.00739162950606,73.73001936673234,219.67265379518201,220.0
SKU-0025,1.114963503649635,2.3947268170601768,1096,1222,406.9616788321168,C,Y,CY,5.78,4.046,23.414233576642335,31.21897810218978,0.9,1.2815515655446004,8.607943482453466,16.412688008000913,15.625645942510006,23.430390468057453,141.83349891802553,142.0
SKU-0026,9.822080291970803,15.85367755204265,1096,10765,3585.059306569343,B,Y,BY,2.57,1.7989999999999997,206.26368613138686,275.01824817518246,0.95,1.6448536269514722,76.18472449517176,144.9392865389674,107.74950971911547,176.50407176291108,631.3171516140727,631.0
SKU-0027,1.6395985401459854,2.427513793509364,1096,1797,598.4534671532847,C,X,CX,4.07,2.849,34.431569343065696,45.908759124087595,0.92,1.4050715603096329,10.132397250768461,21.60958703179036,16.776000218855806,28.253189999877705,204.96701053007527,205.0
SKU-0028,4.338503649635037,10.723567488326772,1096,4755,1583.5538321167883,C,Y,CY,1.74,1.218,91.10857664233578,121.47810218978103,0.9,1.2815515655446004,38.02246554094166,68.39199108838692,69.02061864313053,99.3901441905758,509.9267200189572,510.0
SKU-0029,2.0565693430656933,2.75556600699955,1096,2254,750.6478102189781,C,Y,CY,2.35,1.645,43.18795620437956,57.583941605839414,0.9,1.2815515655446004,10.727583165296611,25.123568566756465,19.473340723187285,33.86932612464714,302.09960518874385,302.0
SKU-0030,7.54014598540146,19.33190595210999,1096,8264,2752.1532846715327,A,Y,AY,5.26,3.6819999999999995,158.34306569343065,211.12408759124088,0.97,1.8807936081512509,100.2918676813876,153.0728895791978,124.05070506036012,176.83172695817035,386.64234411601507,387.0
SKU-0031,8.25912408759124,7.244611208397858,1096,9052,3014.580291970803,A,X,AX,5.6,3.9199999999999995,173.44160583941607,231.25547445255475,0.98,2.0537489106318225,51.966067722049615,109.7799363351883,58.86364712922044,116.67751574235913,392.1799547877044,392.0
SKU-0032,3.6067518248175183,4.0944901206863955,1096,3953,1316.4644160583941,B,X,BX,6.82,4.774,75.74178832116789,100.98905109489051,0.95,1.6448536269514722,21.40766602745497,46.6549288011776,30.277270594251778,55.524533367974406,234.843396469763,235.0
SKU-0033,10.569343065693431,15.673982453758752,1096,11584,3857.8102189781025,B,Y,BY,3.29,2.303,221.95620437956205,295.94160583941607,0.95,1.6448536269514722,76.56188729371895,150.54728875357296,108.28293826265934,182.26833972251336,578.8132421968522,579.0
SKU-0034,1.4762773722627738,2.43404003217809,1096,1618,538.8412408759124,C,Y,CY,3.54,2.4779999999999998,31.001824817518248,41.33576642335767,0.9,1.2815515655446004,9.07908833807209,19.413029943911507,16.48089583077174,26.814837436611157,208.54258886407388,209.0
SKU-0035,0.032846715328467155,0.30939256771493007,1096,36,11.989051094890511,C,Z,CZ,4.08,2.856,0.6897810218978102,0.9197080291970803,0.85,1.0364333894937898,0.8511269960562741,1.0810540033555442,1.9104145986471466,2.140341605946417,28.97532406038106,29.0
SKU-0036,2.2764598540145986,3.319134048952604,1096,2495,830.9078467153284,C,Y,CY,2.54,1.7779999999999998,47.80565693430657,63.74087591240876,0.9,1.2815515655446004,12.676717455358803,28.611936433460993,23.011524073600803,38.946743051702995,305.7211958210907,306.0
SKU-0037,0.3494525547445255,1.9675819412323825,1096,383,127.55018248175182,C,Z,CZ,2.21,1.547,7.338503649635036,9.784671532846716,0.85,1.0364333894937898,5.443803527992909,7.889971411204588,12.219001136414288,14.665169019625967,128.41341129072734,128.0
SKU-0038,19.014598540145986,10.582908872516077,1096,20840,6940.328467153285,A,X,AX,4.12,2.884,399.3065693430657,532.4087591240876,0.98,2.0537489106318225,96.98839943867313,230.09058921969503,109.86189970582522,242.96408948684712,693.7570065447331,694.0
SKU-0039,3.468978102189781,3.6993082477469788,1096,3802,1266.1770072992701,C,X,CX,2.75,1.9249999999999998,72.8485401459854,97.13138686131387,0.92,1.4050715603096329,16.85672536750805,41.13957208283652,27.909330976246522,52.19217769157499,362.69940432984293,363.0
SKU-0040,0.8385036496350365,2.5564700166646563,1096,919,306.0538321167883,C,Z,CZ,5.18,3.6259999999999994,17.608576642335766,23.478102189781023,0.85,1.0364333894937898,7.222470393970476,13.091995941415732,16.21134442083391,22.080869968279167,129.92717891616647,130.0
SKU-0041,2.303832116788321,3.309571549352369,1096,2525,840.8987226277372,C,Y,CY,3.9,2.73,48.38047445255474,64.50729927007299,0.9,1.2815515655446004,12.680460028427834,28.807284845946082,23.01831781264078,39.14514263015903,248.20213944285425,248.0
SKU-0042,0.04288321167883212,0.4471977579884074,1096,47,15.652372262773724,C,Z,CZ,6.08,4.255999999999999,0.9005474452554745,1.2007299270072993,0.85,1.0364333894937898,1.2294986654500555,1.5296811472018803,2.7596965087189766,3.0598789904708017,27.120910923877,27.0
SKU-0043,1.4242700729927007,2.3022154142807674,1096,1561,519.8585766423357,C,Y,CY,5.35,3.7449999999999997,29.909671532846716,39.879562043795616,0.9,1.2815515655446004,8.617474410320972,18.587364921269874,15.642947044064034,25.612837555012938,166.62175077512057,167.0
SKU-0044,0.06569343065693431,0.4958918656915915,1096,72,23.978102189781023,C,Z,CZ,3.22,2.254,1.3795620437956204,1.8394160583941606,0.85,1.0364333894937898,1.3666087401781009,1.826462754776641,3.0674497460099492,3.5273037606084894,46.12596289939884,46.0
SKU-0045,27.912408759124087,17.557825955247765,1096,30592,10188.029197080292,A,X,AX,6.08,4.255999999999999,586.1605839416059,781.5474452554745,0.98,2.0537489106318225,149.15295459808962,344.53981591195827,168.95037998069063,364.33724129455925,691.9254082193307,692.0
SKU-0046,1.4516423357664234,2.386307409722106,1096,1591,529.8494525547445,C,Y,CY,5.93,4.151,30.484489051094894,40.64598540145985,0.9,1.2815515655446004,8.905658795044536,19.0671551454095,16.166076310773278,26.32757266113824,159.77722574650178,160.0
SKU-0047,7.482664233576642,7.555558032840101,1096,8201,2731.1724452554745,B,X,BX,3.63,2.541,157.1359489051095,209.51459854014598,0.95,1.6448536269514722,41.0741476273627,93.4527972623992,58.09195082485837,110.47060045989487,463.64675697165455,464.0
SKU-0048,1.229014598540146,2.1529458072840004,1096,1347,448.59032846715326,C,Y,CY,3.09,2.163,25.809306569343065,34.412408759124084,0.9,1.2815515655446004,7.950593161690493,16.553695351471514,14.432384928032484,23.035487117813503,203.6627910343138,204.0
SKU-0049,0.2271897810218978,1.1219803694086632,1096,249,82.9242700729927,C,Z,CZ,15.97,11.179,4.770985401459853,6.361313868613138,0.85,1.0364333894937898,3.112466662089519,4.702795129242803,6.9861510404555816,8.576479507608866,38.517168054755444,39.0
SKU-0050,0.333029197080292,1.5288531957398404,1096,365,121.55565693430658,C,Z,CZ,5.66,3.9619999999999997,6.993613138686132,9.324817518248176,0.85,1.0364333894937898,4.248792718272776,6.57999709783482,9.536715053363594,11.867919432925637,78.33310644024549,78.0
SKU-0051,0.22354014598540145,1.172840545217273,1096,245,81.59215328467153,C,Z,CZ,6.8,4.76,4.69434306569343,6.259124087591241,0.85,1.0364333894937898,3.249308002997045,4.814089024894855,7.293301085724388,8.858082107622199,58.55118901141175,59.0
SKU-0052,11.944343065693431,19.768652943555523,1096,13091,4359.685218978102,B,Y,BY,3.14,2.198,250.83120437956205,334.44160583941607,0.95,1.6448536269514722,94.5793238339581,178.1897252938121,133.76534259594635,217.37574405580037,629.8377984197984,630.0
SKU-0053,2.2910583941605838,5.264696964680909,1096,2511,836.236313868613,A,Y,AY,17.95,12.565,48.11222627737226,64.14963503649635,0.97,1.8807936081512509,27.578811909650874,43.61622066877496,34.11214828492177,50.149557044045864,115.37142661114449,115.0
SKU-0054,5.805656934306569,5.830607707152821,1096,6363,2119.0647810218975,A,X,AX,15.63,10.941,121.91879562043795,162.55839416058393,0.98,2.0537489106318225,39.65355258390905,80.29315112405503,44.91686265745311,85.55646119759909,196.81518627654324,197.0
SKU-0055,1.7043795620437956,2.6788907569672467,1096,1868,622.0985401459853,B,Y,BY,16.4,11.479999999999999,35.79197080291971,47.722627737226276,0.95,1.6448536269514722,12.936418614512332,24.867075548818903,18.296223717699228,30.226880652005796,104.10549294383982,104.0
SKU-0056,1.5684306569343065,4.503764807756832,1096,1719,572.4771897810218,B,Z,BZ,17.83,12.480999999999998,32.93704379562044,43.916058394160586,0.92,1.4050715603096329,17.313035027232743,28.29204962577289,28.664833426649054,39.6438480251892,95.77880181119652,96.0
SKU-0057,0.9124087591240876,1.9259324352355034,1096,1000,333.02919708029196,B,Y,BY,11.72,8.204,19.16058394160584,25.547445255474454,0.95,1.6448536269514722,8.902665856904532,15.289527170773145,12.59121021479005,18.978071528658663,90.10384564764527,90.0
SKU-0058,0.07572992700729927,0.544557476962192,1096,83,27.641423357664234,C,Z,CZ,13.81,9.667,1.5903284671532847,2.1204379562043796,0.85,1.0364333894937898,1.5014840265816278,2.0315935156327227,3.3701868432186215,3.9002963322697166,23.9138411391312,24.0
SKU-0059,14.67609489051095,10.672972466275425,1096,16085,5356.774635036497,A,X,AX,5.66,3.9619999999999997,308.1979927007299,410.93065693430657,0.98,2.0537489106318225,83.64930743503105,186.3819716686077,94.75227838665367,197.4849426202303,520.0073114771823,520.0
SKU-0060,3.8047445255474455,3.969773388569054,1096,4170,1388.7317518248176,B,X,BX,5.18,3.6259999999999994,79.89963503649635,106.53284671532847,0.95,1.6448536269514722,21.33356948547195,47.96678116430407,30.172474440909284,56.8056861197414,276.76443453631094,277.0
SKU-0061,2.5045620437956204,3.512011637807063,1096,2745,914.1651459854014,A,Y,AY,15.7,10.989999999999998,52.59580291970803,70.12773722627738,0.97,1.8807936081512509,19.853814861616286,37.385749168185626,24.55712301166392,42.08905731823326,128.98181418005905,129.0
SKU-0062,3.741788321167883,4.196533261021403,1096,4101,1365.7527372262773,A,X,AX,11.95,8.364999999999998,78.57755474452554,104.77007299270073,0.98,2.0537489106318225,27.498782165195944,53.691300413371124,31.148760735817156,57.34127898399234,180.70412437815307,181.0
SKU-0063,9.61587591240876,7.869093567239892,1096,10539,3509.794708029197,A,X,AX,13.74,9.618,201.93339416058393,269.2445255474453,0.98,2.0537489106318225,58.20915408910294,125.52028547596426,65.93539315535942,133.24652454222075,270.1552855527843,270.0
SKU-0064,3.801094890510949,4.413826210196616,1096,4166,1387.3996350364964,A,X,AX,17.53,12.271,79.82299270072993,106.43065693430657,0.98,2.0537489106318225,28.617671773685625,55.22533600726227,32.41616321550762,59.023827449084266,150.3750579590014,150.0
SKU-0065,1.875,2.7854604564304797,1096,2055,684.375,B,Y,BY,15.06,10.542,39.375,52.5,0.95,1.6448536269514722,13.60106276846915,26.72606276846915,19.23624262832825,32.36124262832825,113.94638725750866,114.0
SKU-0066,37.28923357664234,54.47488896559485,1096,40869,13610.570255474453,A,Y,AY,13.52,9.463999999999999,783.0739051094891,1044.0985401459855,0.97,1.8807936081512509,305.21370356606445,566.2383386025608,377.51789847743123,638.5425335139275,536.3098740182319,536.0
SKU-0067,4.300182481751825,4.442657475669496,1096,4713,1569.566605839416,A,X,AX,13.62,9.533999999999999,90.30383211678831,120.40510948905109,0.98,2.0537489106318225,29.91197092361279,60.01324829587556,33.88225776105731,63.98353513332008,181.45431451908803,181.0
SKU-0068,13.29470802919708,8.665673071244314,1096,14571,4852.568430656935,A,X,AX,8.78,6.145999999999999,279.1888686131387,372.25182481751824,0.98,2.0537489106318225,72.1054329977201,165.16838920209966,81.67615811878171,174.7391143231613,397.378672053281,397.0
SKU-0069,3.759124087591241,3.777415312973761,1096,4120,1372.0802919708028,B,X,BX,3.59,2.513,78.94160583941606,105.25547445255475,0.95,1.6448536269514722,20.57093960364599,46.88480821678468,29.093872445451492,55.407741058590176,330.45210044134467,330.0
SKU-0070,0.043795620437956206,0.405327321609218,1096,48,15.985401459854016,C,Z,CZ,10.11,7.076999999999999,0.9197080291970803,1.2262773722627738,0.85,1.0364333894937898,1.1151675968749546,1.421736939940648,2.5030723580377554,2.8096417011034487,21.25456269153838,21.0
SKU-0071,0.09124087591240876,0.6749773629951928,1096,100,33.302919708029194,C,Z,CZ,7.0,4.8999999999999995,1.916058394160584,2.554744525547445,0.85,1.0364333894937898,1.8605237089170918,2.499209840303953,4.176076744262194,4.8147628756490555,36.86872448601499,37.0
SKU-0072,1.1332116788321167,4.649795114540632,1096,1242,413.6222627737226,B,Z,BZ,9.72,6.804,23.79744525547445,31.729927007299267,0.92,1.4050715603096329,17.576363420725322,25.50884517255014,29.10082079247478,37.0333025442996,110.26426793071441,110.0
SKU-0073,19.255474452554743,12.368854210390115,1096,21104,7028.248175182482,A,X,AX,15.95,11.165,404.3649635036496,539.1532846715328,0.98,2.0537489106318225,103.79081053879341,238.5791317066766,117.56721096329937,252.35553213118257,354.82088794215935,355.0
SKU-0074,2.2372262773722627,3.170111728708641,1096,2452,816.5875912408759,B,Y,BY,7.28,5.096,46.981751824817515,62.64233576642336,0.95,1.6448536269514722,15.636320165156029,31.29690410676187,22.114746004147538,37.77532994575338,179.02005088852079,179.0
SKU-0075,2.1551094890510947,2.9035691132306694,1096,2362,786.6149635036495,C,X,CX,4.82,3.374,45.25729927007299,60.34306569343065,0.92,1.4050715603096329,12.376836874802164,27.462603298159827,20.492072407117313,35.577838830474974,215.93525829233832,216.0
SKU-0076,1.2655109489051095,4.217785382004061,1096,1387,461.911496350365,C,Z,CZ,7.94,5.558,26.5757299270073,35.434306569343065,0.85,1.0364333894937898,11.85953671322136,20.718113355557126,26.61956696839621,35.478143610731976,128.92439803401615,129.0
SKU-0077,0.03923357664233577,0.3741815497190078,1096,43,14.320255474452555,C,Z,CZ,8.11,5.677,0.8239051094890512,1.0985401459854014,0.85,1.0364333894937898,1.0292779859040926,1.303913022400443,2.3102870657944696,2.58492210229082,22.46109546275716,22.0
SKU-0078,1.292883211678832,2.3107816560954264,1096,1417,471.90237226277367,B,Y,BY,13.27,9.289,27.150547445255473,36.200729927007295,0.95,1.6448536269514722,10.918678010344793,19.968860492096617,15.442494675820463,24.492677157572288,100.79908658645823,101.0
SKU-0079,0.7390510948905109,3.236121560097028,1096,810,269.7536496350365,C,Z,CZ,11.8,8.26,15.52007299270073,20.693430656934304,0.85,1.0364333894937898,9.005178730017693,14.17853639425127,20.21275906999326,25.38611673422684,80.81810048785961,81.0
SKU-0080,6.053832116788321,14.626423324725453,1096,6635,2209.6487226277372,A,Y,AY,14.97,10.479,127.13047445255475,169.507299270073,0.97,1.8807936081512509,76.26197959353723,118.63880441105547,94.3282098198752,136.70503463739345,205.3603975537593,205.0
SKU-0081,2.8567518248175183,3.8604078659874137,1096,3131,1042.7144160583941,B,X,BX,13.3,9.31,59.99178832116789,79.98905109489051,0.95,1.6448536269514722,19.249943866534284,39.24720664025691,27.225562965329285,47.22282573905191,149.66589472628357,150.0
SKU-0082,2.4315693430656933,3.3005973861847244,1096,2665,887.5228102189781,B,Y,BY,9.69,6.7829999999999995,51.06295620437956,68.08394160583941,0.95,1.6448536269514722,16.44094513197164,33.4619305334315,23.252742449716315,40.27372785117617,161.76846000346853,162.0
SKU-0083,0.09397810218978102,0.6518818949775336,1096,103,34.30200729927007,C,Z,CZ,15.4,10.78,1.9735401459854014,2.6313868613138687,0.85,1.0364333894937898,1.7981380258060393,2.4559847411345066,4.0360476765506,4.693894391879067,25.226987087987304,25.0
SKU-0084,0.843065693430657,2.8266519070977965,1096,924,307.7189781021898,C,Z,CZ,6.34,4.438,17.704379562043798,23.605839416058394,0.85,1.0364333894937898,7.945650554199255,13.847110408213855,17.834573318465655,23.736033172480255,117.76018781514496,118.0
SKU-0085,0.24361313868613138,1.182040373558448,1096,267,88.91879562043795,C,Z,CZ,4.32,3.024,5.115875912408759,6.821167883211679,0.85,1.0364333894937898,3.2804263806610865,4.985718351464007,7.363148480121534,9.068440450924454,76.68684845669067,77.0
SKU-0086,5.3083941605839415,4.617394427618604,1096,5818,1937.5638686131388,B,X,BX,5.26,3.6819999999999995,111.47627737226277,148.63503649635035,0.95,1.6448536269514722,26.62217386052573,63.780932984613315,37.65224853324098,74.81100765732856,324.41514405661167,324.0
SKU-0087,0.01916058394160584,0.3120087045636618,1096,21,6.993613138686132,C,Z,CZ,14.11,9.876999999999999,0.4023722627737226,0.5364963503649636,0.85,1.0364333894937898,0.8564944901089969,0.9906185777002379,1.9224623177818778,2.056586405373119,11.900172956957828,12.0
SKU-0088,3.7545620437956204,3.9426224021826757,1096,4115,1370.4151459854015,B,X,BX,10.47,7.329,78.84580291970804,105.12773722627738,0.95,1.6448536269514722,21.141126767993956,47.4230610745633,29.900299033113694,56.18223333968304,193.38318641418567,193.0
SKU-0089,0.10401459854014598,0.6510562796246897,1096,114,37.965328467153284,C,Z,CZ,2.05,1.4349999999999998,2.1843065693430654,2.9124087591240873,0.85,1.0364333894937898,1.7982630353242097,2.5263652251052315,4.036328269234876,4.764430459015898,72.74156293344582,73.0
SKU-0090,2.1833941605839415,4.9021603450990625,1096,2393,796.9388686131387,C,Y,CY,3.86,2.702,45.85127737226277,61.13503649635037,0.9,1.2815515655446004,17.53840061985234,32.822159743939935,31.836737664732013,47.12049678881961,242.8761276223914,243.0
SKU-0091,0.11587591240875912,0.8812007992025136,1096,127,42.29470802919708,C,Z,CZ,2.01,1.4069999999999998,2.4333941605839415,3.2445255474452552,0.85,1.0364333894937898,2.4282890814812466,3.2394204683425603,5.450466184825988,6.261597571687302,77.53735191710233,78.0
SKU-0092,6.697992700729927,13.27286639232234,1096,7341,2444.7673357664235,B,Y,BY,4.89,3.4229999999999996,140.65784671532845,187.54379562043795,0.95,1.6448536269514722,61.82189087194235,108.70783977705184,87.43588003370164,134.3218289388111,377.94648918375117,378.0
SKU-0093,6.283759124087592,4.922295832946241,1096,6887,2293.572080291971,B,X,BX,3.56,2.492,131.9589416058394,175.94525547445255,0.95,1.6448536269514722,29.768919246547924,73.75523311516106,42.10275058337661,86.08906445198974,429.0393988923673,429.0
SKU-0094,1.9762773722627738,3.494206975136821,1096,2166,721.3412408759124,C,Y,CY,3.22,2.254,41.50182481751825,55.33576642335767,0.9,1.2815515655446004,12.885111375687453,26.719052981526872,23.38981299037457,37.223754596213986,252.99295241768684,253.0
SKU-0095,3.9114963503649633,3.9654230596489675,1096,4287,1427.6961678832117,B,X,BX,2.8,1.9599999999999997,82.14142335766422,109.52189781021897,0.95,1.6448536269514722,21.526306631500013,48.90678108405476,30.445066264621943,57.825540717176686,381.6847946107658,382.0
SKU-0096,1.6633211678832116,2.91128578835982,1096,1823,607.1122262773722,C,Y,CY,4.54,3.178,34.92974452554744,46.57299270072993,0.9,1.2815515655446004,10.752488286394092,22.395736461576575,19.518549965698906,31.161798140881388,195.46659193762827,195.0
SKU-0097,2.114051094890511,2.9015416486653156,1096,2317,771.6286496350365,C,Y,CY,3.12,2.1839999999999997,44.395072992700726,59.193430656934304,0.9,1.2815515655446004,11.231646579328716,26.030004243562292,20.388346317298545,35.18670398153212,265.8231823078881,266.0
SKU-0098,6.922445255474453,7.178888877961161,1096,7587,2526.6925182481755,B,X,BX,1.66,1.162,145.37135036496352,193.8284671532847,0.95,1.6448536269514722,38.66057302210422,87.11768981042539,54.6783862013676,103.13550298968877,659.459503068455,659.0
SKU-0099,4.4963503649635035,4.908103950090588,1096,4928,1641.1678832116788,C,X,CX,1.83,1.281,94.42335766423358,125.8978102189781,0.92,1.4050715603096329,22.193684934572563,53.66813748931709,36.7456243675571,68.22007692230162,506.1939354311162,506.0
SKU-0100,12.148722627737227,9.851442571586109,1096,13315,4434.283759124088,A,X,AX,6.3,4.409999999999999,255.12317518248176,340.16423357664235,0.98,2.0537489106318225,73.18156928287469,158.2226276770353,82.89513252514058,167.93619091930117,448.4432007162848,448.0
SKU-0101,2.5301094890510947,3.4465264608784656,1096,2773,923.4899635036495,B,Y,BY,6.02,4.2139999999999995,53.13229927007299,70.84306569343065,0.95,1.6448536269514722,17.15351506609225,34.86428148944991,24.26054370581909,41.97131012917675,209.35523359832558,209.0
SKU-0102,1.6441605839416058,2.689947908670017,1096,1802,600.1186131386861,C,Y,CY,4.91,3.437,34.527372262773724,46.03649635036496,0.9,1.2815515655446004,10.047216695147767,21.556340782739007,18.238299438893094,29.747423526484333,186.871804897734,187.0
SKU-0103,0.11678832116788321,0.9436406206308506,1096,128,42.62773722627737,C,Z,CZ,2.61,1.8269999999999997,2.4525547445255476,3.27007299270073,0.85,1.0364333894937898,2.5988991202753873,3.4164173684505696,5.833412455239589,6.6509307034147715,68.31119207655762,68.0
SKU-0104,0.31386861313868614,1.6977097646011767,1096,344,114.56204379562044,C,Z,CZ,6.34,4.438,6.591240875912409,8.788321167883211,0.85,1.0364333894937898,4.700609141897962,6.897689433868765,10.550848896610916,12.747929188581718,71.8524738537326,72.0
SKU-0105,3.2518248175182483,3.87693052224384,1096,3564,1186.9160583941607,B,X,BX,5.33,3.731,68.28832116788321,91.05109489051095,0.95,1.6448536269514722,19.97746275351733,42.74023647614507,28.25450681074265,51.01728053337039,252.23908140673282,252.0
SKU-0106,0.14142335766423358,0.9270562136916686,1096,155,51.61952554744526,C,Z,CZ,10.74,7.518,2.9698905109489053,3.95985401459854,0.85,1.0364333894937898,2.558969534275216,3.5489330379248507,5.743787682008192,6.733751185657828,37.057049820591935,37.0
SKU-0107,3.522810218978102,4.216452851928355,1096,3861,1285.8257299270072,B,X,BX,7.67,5.369,73.97901459854015,98.63868613138686,0.95,1.6448536269514722,21.702725709352244,46.36239724219896,30.694579133108864,55.354250665955576,218.85645071769991,219.0
SKU-0108,3.6687956204379564,3.8135510375739985,1096,4021,1339.110401459854,B,X,BX,5.63,3.941,77.04470802919708,102.72627737226279,0.95,1.6448536269514722,20.520657896341483,46.20222723940718,29.02275806726346,54.70432741032916,260.687358888936,261.0
SKU-0109,40.05383211678832,24.747119640615733,1096,43899,14619.648722627737,A,X,AX,3.61,2.5269999999999997,841.1304744525547,1121.507299270073,0.98,2.0537489106318225,212.48290474308212,492.8597295606004,240.68626459649371,521.063089414012,1075.6744315071169,1076.0
SKU-0110,80.74452554744525,113.0049599556109,1096,88496,29471.751824817515,A,Y,AY,12.88,9.016,1695.6350364963503,2260.846715328467,0.97,1.8807936081512509,639.108945705084,1204.3206245372007,790.5119044842796,1355.7235833163963,808.5577087814123,809.0
SKU-0111,1.323905109489051,2.233414505332899,1096,1451,483.22536496350364,C,Y,CY,7.74,5.418,27.802007299270073,37.06934306569343,0.9,1.2815515655446004,8.298269683039374,17.56560544946273,15.063507824714504,24.330843591137864,133.5581389674208,134.0
SKU-0112,2.9014598540145986,3.685013170640402,1096,3180,1059.0328467153286,B,X,BX,4.83,3.381,60.93065693430657,81.24087591240877,0.95,1.6448536269514722,18.662321918380854,38.972540896483046,26.394478030215605,46.704697008317794,250.292091620555,250.0
SKU-0113,0.7846715328467153,1.727347183931848,1096,860,286.4051094890511,C,Y,CY,6.02,4.2139999999999995,16.478102189781023,21.970802919708028,0.9,1.2815515655446004,6.192551545106654,11.685252275033662,11.241084252216796,16.733784982143803,116.58914380102813,117.0
SKU-0114,0.08394160583941605,0.7178591791940937,1096,92,30.63868613138686,C,Z,CZ,9.16,6.412,1.7627737226277371,2.3503649635036497,0.85,1.0364333894937898,1.9761491955345718,2.5637404364104843,4.4356063075744,5.023197548450312,30.913865268797377,31.0
SKU-0115,5.138686131386861,4.996886675289802,1096,5632,1875.6204379562043,B,X,BX,4.53,3.171,107.91240875912409,143.8832116788321,0.95,1.6448536269514722,27.543638342931768,63.51444126263979,38.9554933354076,74.92629625511563,343.9452808595531,344.0
SKU-0116,9.625912408759124,7.9410283133608885,1096,10550,3513.45802919708,A,X,AX,12.35,8.645,202.1441605839416,269.5255474452555,0.98,2.0537489106318225,58.52471929932581,125.90610616063968,66.2928440843035,133.67423094561735,285.1017505983862,285.0
SKU-0117,0.08029197080291971,0.5835917026533127,1096,88,29.306569343065693,C,Z,CZ,11.22,7.854,1.686131386861314,2.2481751824817517,0.85,1.0364333894937898,1.6089246001245043,2.1709683957449424,3.6113447916028156,4.173388587223253,27.318197506897565,27.0
SKU-0118,3.9498175182481754,10.473896230619006,1096,4329,1441.683394160584,A,Z,AZ,10.77,7.538999999999999,82.94616788321169,110.59489051094891,0.95,1.6448536269514722,47.39695743441622,75.04568006215345,67.0344213958507,94.68314402358793,195.56587445778018,196.0
SKU-0119,0.4489051094890511,1.3197269283517667,1096,492,163.85036496350367,C,Z,CZ,7.47,5.228999999999999,9.427007299270073,12.569343065693431,0.85,1.0364333894937898,3.7366000091332086,6.878935775556567,8.387062377094626,11.529398143517984,79.16430137204031,79.0
SKU-0120,2.9051094890510947,3.383026580807293,1096,3184,1060.3649635036495,B,X,BX,9.71,6.797000000000001,61.00729927007299,81.34306569343065,0.95,1.6448536269514722,17.55242461252552,37.88819103588318,24.824729089900693,45.160495513258354,176.63796291491002,177.0
